player,minutes_played,goals,xg,assists,xa,passes,prog_passes,goals_p90,xg_p90,assists_p90,xa_p90
Troy Deeney,3515,13.0,12.085973285,7.0,0.0,1302.0,147.0,0.3328591749644381,0.30945593048364156,0.17923186344238973,0.0
Andrew Surman,3510,0.0,0.7623997892,3.0,0.0,2309.0,487.0,0.0,0.019548712543589742,0.07692307692307693,0.0
Kasper Schmeichel,3484,0.0,0.0,0.0,0.0,1220.0,1127.0,0.0,0.0,0.0,0.0
Heurelho da Silva Gomes,3480,0.0,0.0,0.0,0.0,1132.0,955.0,0.0,0.0,0.0,0.0
Simon Francis,3479,0.0,0.1969073493,4.0,0.0,2454.0,589.0,0.0,0.005093895210405289,0.10347801092267893,0.0
Toby Alderweireld,3477,4.0,3.1840854048000002,2.0,0.0,2122.0,756.0,0.10353753235547886,0.082418086405522,0.05176876617773943,0.0
Craig Dawson,3475,4.0,3.4319955753999998,0.0,0.0,1658.0,387.0,0.10359712230215827,0.08888621634129495,0.0,0.0
Darren Fletcher,3466,1.0,1.839551207,2.0,0.0,1516.0,353.0,0.025966532025389497,0.0477667653289094,0.05193306405077899,0.0
Wes Morgan,3453,2.0,2.948268348,0.0,0.0,849.0,179.0,0.052128583840139006,0.07684452688097307,0.0,0.0
Harry Kane,3440,25.0,21.6354907508,1.0,0.0,1005.0,132.0,0.6540697674418604,0.5660448161546511,0.026162790697674417,0.0
Ignacio Monreal Eraso,3403,0.0,1.202076251,3.0,0.0,2259.0,239.0,0.0,0.03179161404349104,0.07934175727299442,0.0
Hugo Lloris,3402,0.0,0.0,0.0,0.0,1217.0,751.0,0.0,0.0,0.0,0.0
Łukasz Fabiański,3399,0.0,0.10419701,1.0,0.0,1212.0,795.0,0.0,0.0027589676081200354,0.026478375992939097,0.0
Aaron Cresswell,3398,2.0,0.8002924176,4.0,0.0,1874.0,422.0,0.052972336668628606,0.021196679689228958,0.10594467333725721,0.0
César Azpilicueta Tanco,3387,2.0,1.5438206625000002,4.0,0.0,2198.0,318.0,0.053144375553587246,0.041022692537643936,0.10628875110717449,0.0
Charlie Daniels,3358,3.0,2.934878228,5.0,0.0,2239.0,342.0,0.08040500297796307,0.078659630887433,0.13400833829660513,0.0
Olivier Giroud,3357,16.0,13.017702893,6.0,0.0,825.0,39.0,0.4289544235924933,0.3490000775603217,0.16085790884718498,0.0
Georginio Wijnaldum,3340,11.0,7.722146134,4.0,0.0,1264.0,136.0,0.2964071856287425,0.20808178205389222,0.10778443113772455,0.0
Eric Dier,3325,3.0,2.058710326,2.0,0.0,2111.0,414.0,0.081203007518797,0.05572449002706767,0.05413533834586466,0.0
Romelu Lukaku Menama,3317,18.0,18.1571581707,6.0,0.0,1112.0,69.0,0.48839312631896287,0.49265729133644864,0.16279770877298763,0.0
Héctor Bellerín Moruno,3316,1.0,0.6149053369999999,5.0,0.0,2094.0,196.0,0.027141133896260553,0.016689228085042217,0.13570566948130278,0.0
Odion Jude Ighalo,3311,15.0,16.9192775224,2.0,0.0,707.0,42.0,0.4077318030806403,0.4599018354019934,0.05436424041075204,0.0
Matt Ritchie,3308,4.0,4.6373052321,6.0,0.0,1675.0,379.0,0.10882708585247883,0.126166103654474,0.16324062877871826,0.0
Ashley Williams,3304,2.0,2.037459865,1.0,0.0,1884.0,541.0,0.05447941888619855,0.055499814724576275,0.027239709443099273,0.0
N''Golo Kanté,3301,1.0,0.7053744495,3.0,0.0,1435.0,172.0,0.02726446531354135,0.019231657211451075,0.08179339594062406,0.0
Moussa Sissoko,3300,1.0,3.692096528,7.0,0.0,1576.0,194.0,0.02727272727272727,0.10069354167272727,0.19090909090909092,0.0
Mark Noble,3278,7.0,4.019765458,4.0,0.0,1943.0,368.0,0.1921903599755949,0.11036573862721172,0.10982306284319707,0.0
Ross Barkley,3271,8.0,7.6849434704999995,8.0,0.0,1921.0,309.0,0.22011617242433507,0.21144754275298072,0.22011617242433507,0.0
Francesc Fàbregas i Soler,3269,5.0,4.0294038148,7.0,0.0,2947.0,601.0,0.13765677577240745,0.11093494748608139,0.19271948608137046,0.0
Jonathan Howson,3248,3.0,2.3553651122,4.0,0.0,1338.0,208.0,0.08312807881773399,0.06526565889716748,0.11083743842364532,0.0
Yann Gérard M''Vila,3241,1.0,0.948909119,3.0,0.0,1754.0,402.0,0.02776920703486578,0.02635045378278309,0.08330762110459736,0.0
Steve Cook,3239,4.0,2.351145965,0.0,0.0,1641.0,495.0,0.11114541525162087,0.06532977364927448,0.0,0.0
Glenn Whelan,3225,0.0,0.21807827100000002,1.0,0.0,2037.0,380.0,0.0,0.0060859052372093025,0.02790697674418605,0.0
José Miguel da Rocha Fonte,3224,2.0,2.732162336,0.0,0.0,1642.0,449.0,0.05583126550868486,0.07627004039702233,0.0,0.0
Chris Smalling,3221,0.0,1.71060454,1.0,0.0,1522.0,385.0,0.0,0.04779708432163925,0.027941633033219497,0.0
Ben Watson,3214,1.0,0.515430226,0.0,0.0,1599.0,412.0,0.028002489110143122,0.014433329290603609,0.0,0.0
Jamie Vardy,3213,24.0,22.298685118999998,5.0,0.0,679.0,63.0,0.6722689075630253,0.6246130285434173,0.1400560224089636,0.0
Gylfi Þór Sigurðsson,3206,11.0,7.495362014,3.0,0.0,1346.0,232.0,0.3087960074859638,0.21041253314410482,0.0842170929507174,0.0
Scott Dann,3199,5.0,2.7130084553000002,0.0,0.0,1111.0,366.0,0.14066895904970303,0.07632721506001877,0.0,0.0
Robert Huth,3199,3.0,2.599811442,0.0,0.0,794.0,173.0,0.08440137542982182,0.07314255385432948,0.0,0.0
Daley Blind,3185,1.0,0.1103781186,1.0,0.0,2215.0,645.0,0.0282574568288854,0.0031190049211930926,0.0282574568288854,0.0
Juan Manuel Mata García,3182,6.0,5.866743938,5.0,0.0,1914.0,296.0,0.16970458830923948,0.1659355607856694,0.14142049025769957,0.0
Erik Pieters,3172,0.0,0.07677498,1.0,0.0,1956.0,346.0,0.0,0.0021783569356872636,0.02837326607818411,0.0
Idrissa Gana Gueye,3160,0.0,1.086028215,1.0,0.0,1906.0,245.0,0.0,0.030931183338607594,0.028481012658227847,0.0
Robert Brady,3147,3.0,3.1116774991,2.0,0.0,1608.0,422.0,0.08579599618684461,0.0889898236158246,0.057197330791229746,0.0
Virgil van Dijk,3142,3.0,2.999237515,0.0,0.0,1412.0,404.0,0.0859325270528326,0.08591068629853596,0.0,0.0
Joe Hart,3141,0.0,0.0,0.0,0.0,848.0,582.0,0.0,0.0,0.0,0.0
Craig Cathcart,3137,1.0,0.5523564986,0.0,0.0,1050.0,390.0,0.02868983104877271,0.01584701462352566,0.0,0.0
David de Gea Quintana,3129,0.0,0.0,0.0,0.0,956.0,690.0,0.0,0.0,0.0,0.0
Riyad Mahrez,3128,17.0,12.16381277,10.0,0.0,1174.0,199.0,0.4891304347826087,0.3499818252237851,0.2877237851662404,0.0
Sadio Mané,3120,11.0,12.052078225,6.0,0.0,1043.0,109.0,0.3173076923076923,0.3476561026442308,0.17307692307692307,0.0
Danny Drinkwater,3112,2.0,1.7761880455,7.0,0.0,2033.0,433.0,0.05784061696658097,0.051367906200192805,0.20244215938303342,0.0
Christian Dannemann Eriksen,3111,6.0,5.1098074079,12.0,0.0,2041.0,361.0,0.17357762777242045,0.14782470803953712,0.3471552555448409,0.0
Gareth McAuley,3105,1.0,0.84951885,0.0,0.0,847.0,347.0,0.028985507246376812,0.024623734782608698,0.0,0.0
Mesut Özil,3104,6.0,5.9662406854,19.0,0.0,2511.0,379.0,0.17396907216494845,0.172990226058634,0.5509020618556701,0.0
Petr Čech,3104,0.0,0.0,0.0,0.0,1036.0,744.0,0.0,0.0,0.0,0.0
Jack Frank Porteous Cork,3099,1.0,0.88613171,1.0,0.0,1746.0,247.0,0.02904162633107454,0.02573470600193611,0.02904162633107454,0.0
Neil Taylor,3095,0.0,0.1841475668,1.0,0.0,1639.0,246.0,0.0,0.005354856546688207,0.029079159935379646,0.0
Simon Mignolet,3084,0.0,0.0,0.0,0.0,934.0,550.0,0.0,0.0,0.0,0.0
Cheikhou Kouyaté,3083,5.0,5.447483423,2.0,0.0,1255.0,142.0,0.1459617255919559,0.15902481611093094,0.058384690236782354,0.0
Marc Albrighton,3081,2.0,2.36266696,7.0,0.0,1214.0,378.0,0.05842259006815969,0.06901656163583252,0.2044790652385589,0.0
Nathan Redmond,3077,6.0,2.6832608084,3.0,0.0,1084.0,171.0,0.17549561260968477,0.078483416560286,0.08774780630484239,0.0
Pape N''Diaye Souaré,3073,0.0,0.4408444208,1.0,0.0,1685.0,356.0,0.0,0.012911161038724374,0.029287341360234295,0.0
Nathaniel Edwin Clyne,3050,1.0,2.3672014983,0.0,0.0,1943.0,242.0,0.029508196721311476,0.06985184749081967,0.0,0.0
Kyle Walker,3021,1.0,0.903361597,2.0,0.0,1732.0,404.0,0.029791459781529295,0.026912460685203574,0.05958291956305859,0.0
Patrick van Aanholt,3015,4.0,2.3924948018,4.0,0.0,1417.0,244.0,0.11940298507462686,0.07141775527761193,0.11940298507462686,0.0
Gareth Barry,3001,0.0,1.075521215,0.0,0.0,2098.0,450.0,0.0,0.03225488482172609,0.0,0.0
Branislav Ivanović,2997,2.0,2.2640555568000003,2.0,0.0,1569.0,263.0,0.06006006006006006,0.06798965636036036,0.06006006006006006,0.0
Willian Borges da Silva,2996,5.0,3.7275560464,7.0,0.0,1745.0,377.0,0.15020026702269693,0.11197598270226969,0.2102803738317757,0.0
André Ayew Pelé,2980,12.0,7.5930270257,2.0,0.0,1098.0,99.0,0.36241610738255037,0.22931960815872482,0.060402684563758385,0.0
Chancel Mbemba Mangulu,2979,0.0,1.240383622,0.0,0.0,1162.0,340.0,0.0,0.03747382543806647,0.0,0.0
James Ward-Prowse,2977,2.0,2.2664223095,4.0,0.0,807.0,201.0,0.06046355391333557,0.06851797375041987,0.12092710782667114,0.0
Adrián San Miguel del Castillo,2976,0.0,0.0,0.0,0.0,998.0,778.0,0.0,0.0,0.0,0.0
James McClean,2976,2.0,2.1490602425,2.0,0.0,822.0,184.0,0.06048387096774194,0.0649917412046371,0.06048387096774194,0.0
Dan Gosling,2972,3.0,3.0795959647,1.0,0.0,1230.0,139.0,0.0908479138627187,0.09325828964434725,0.03028263795423957,0.0
John Stones,2968,0.0,0.685919156,0.0,0.0,1596.0,332.0,0.0,0.020799435323450136,0.0,0.0
Ryan Bertrand,2955,1.0,1.2763177975,3.0,0.0,1565.0,285.0,0.030456852791878174,0.03887262327411167,0.09137055837563453,0.0
Sébastien Aymar Bassong Nguena,2949,1.0,1.846760696,0.0,0.0,950.0,227.0,0.030518819938962362,0.05636095715157681,0.0,0.0
Federico Fernández,2948,1.0,1.714547008,1.0,0.0,1745.0,376.0,0.030529172320217093,0.05234370105834464,0.030529172320217093,0.0
Artur Boruc,2948,0.0,0.0,0.0,0.0,913.0,607.0,0.0,0.0,0.0,0.0
Claudio Ariel Yacob,2932,0.0,0.216381981,1.0,0.0,1118.0,209.0,0.0,0.006642011695088677,0.030695770804911322,0.0
Cameron Jerome,2930,3.0,7.300334361,2.0,0.0,434.0,23.0,0.09215017064846416,0.22424235238566556,0.06143344709897611,0.0
Aleksandar Mitrović,2930,9.0,11.86097099,4.0,0.0,714.0,33.0,0.2764505119453925,0.36433016692832765,0.12286689419795221,0.0
Alberto Moreno Pérez,2930,1.0,1.4703509806,4.0,0.0,1743.0,332.0,0.030716723549488054,0.04516436459180888,0.12286689419795221,0.0
Jesús Navas González,2925,0.0,2.8745031954,7.0,0.0,1452.0,176.0,0.0,0.08844625216615384,0.2153846153846154,0.0
Damien Delaney,2919,2.0,2.492365992,3.0,0.0,1072.0,383.0,0.06166495375128469,0.07684581681397738,0.09249743062692703,0.0
Marko Arnautović,2918,11.0,11.080028553,6.0,0.0,1161.0,138.0,0.339273474982865,0.34174179909869773,0.1850582590815627,0.0
Christian Fuchs,2916,0.0,1.000457038,4.0,0.0,1665.0,506.0,0.0,0.03087830364197531,0.12345679012345678,0.0
Rudy Gestede,2914,5.0,5.23936865,1.0,0.0,594.0,22.0,0.15442690459849004,0.16181989653397394,0.03088538091969801,0.0
Bafétimbi Gomis,2914,6.0,7.6276042785,0.0,0.0,499.0,37.0,0.18531228551818807,0.2355814636461908,0.0,0.0
Jermain Defoe,2913,15.0,13.2098756745,1.0,0.0,439.0,42.0,0.46343975283213185,0.40813210116889803,0.030895983522142123,0.0
Ayoze Pérez Gutiérrez,2900,6.0,3.6851812935,2.0,0.0,658.0,99.0,0.18620689655172415,0.11436769531551723,0.06206896551724137,0.0
Laurent Koscielny,2899,4.0,3.20216603,0.0,0.0,1671.0,343.0,0.12418075198344256,0.09941184639530873,0.0,0.0
Joleon Lescott,2889,2.0,1.541028678,0.0,0.0,1043.0,264.0,0.06230529595015577,0.04800712392523365,0.0,0.0
Etienne Capoue,2886,0.0,2.7560736759,1.0,0.0,1595.0,285.0,0.0,0.08594824353118503,0.031185031185031187,0.0
Ashley Westwood,2861,2.0,2.097580091,2.0,0.0,1626.0,400.0,0.06291506466270534,0.06598469353023419,0.06291506466270534,0.0
Craig Gardner,2857,3.0,3.892689569,3.0,0.0,745.0,219.0,0.09450472523626181,0.12262585271613581,0.09450472523626181,0.0
Adam Smith,2850,2.0,0.5216790726,0.0,0.0,1274.0,144.0,0.06315789473684211,0.016474075976842105,0.0,0.0
Jack Butland,2846,0.0,0.0,0.0,0.0,1013.0,749.0,0.0,0.0,0.0,0.0
José Salomón Rondón Giménez,2835,9.0,8.3394650601,2.0,0.0,662.0,54.0,0.2857142857142857,0.26474492254285714,0.0634920634920635,0.0
Erik Lamela,2834,5.0,5.8722971993,8.0,0.0,1117.0,149.0,0.1587861679604799,0.1864879138803811,0.25405786873676783,0.0
Anthony Martial,2826,11.0,6.9013401825,3.0,0.0,938.0,61.0,0.3503184713375796,0.21978790390127387,0.09554140127388534,0.0
Aaron Ramsey,2826,5.0,7.3723388698,4.0,0.0,2197.0,274.0,0.1592356687898089,0.2347878620955414,0.12738853503184713,0.0
Steven Davis,2818,5.0,2.0640061254,2.0,0.0,1634.0,322.0,0.15968772178850246,0.06591928718452804,0.063875088715401,0.0
Bamidele Alli,2815,10.0,8.3984632963,8.0,0.0,1094.0,106.0,0.3197158081705151,0.2685121480166962,0.2557726465364121,0.0
Nemanja Matić,2813,2.0,2.358404828,2.0,0.0,1653.0,237.0,0.06398862424457874,0.07545554017774617,0.06398862424457874,0.0
Daryl Janmaat,2805,2.0,1.2038169734,4.0,0.0,1731.0,323.0,0.0641711229946524,0.0386251435315508,0.1283422459893048,0.0
Wilfried Zaha,2802,2.0,2.407636951,1.0,0.0,699.0,97.0,0.06423982869379015,0.07733309264453962,0.032119914346895075,0.0
Fernando Luiz Rosa,2801,2.0,1.545729209,2.0,0.0,1812.0,229.0,0.06426276329882186,0.04966641514102106,0.06426276329882186,0.0
Philipp Wollscheid,2786,0.0,0.134113701,0.0,0.0,1199.0,301.0,0.0,0.0043324598312993534,0.0,0.0
Russell Martin,2764,3.0,1.669420354,0.0,0.0,1332.0,362.0,0.09768451519536904,0.05435883931259045,0.0,0.0
Yohan Cabaye,2762,5.0,6.5845827706,1.0,0.0,1433.0,372.0,0.16292541636495292,0.21455917789790008,0.03258508327299058,0.0
Leandro Bacuna,2753,1.0,1.4977175494,0.0,0.0,1389.0,341.0,0.03269160915365056,0.04896279674754813,0.0,0.0
Dušan Tadić,2751,7.0,6.7828756519999995,11.0,0.0,1104.0,212.0,0.22900763358778628,0.22190432885496184,0.35986913849509267,0.0
Joel Ward,2750,2.0,1.157470439,1.0,0.0,1328.0,255.0,0.06545454545454545,0.03788085073090909,0.03272727272727272,0.0
Allan Romeo Nyom,2736,0.0,0.3393341827,1.0,0.0,1228.0,279.0,0.0,0.011162308641447368,0.03289473684210526,0.0
Nicolás Hernán Otamendi,2726,1.0,1.3754811239,0.0,0.0,1561.0,303.0,0.03301540719002201,0.04541206938774761,0.0,0.0
Saido Berahino,2721,4.0,6.222151514,0.0,0.0,473.0,62.0,0.13230429988974643,0.2058043499669239,0.0,0.0
Graziano Pellè,2706,11.0,7.720267611,6.0,0.0,889.0,108.0,0.3658536585365854,0.2567716500332594,0.19955654101995565,0.0
Dimitri Payet,2702,9.0,5.0674303673,12.0,0.0,1572.0,404.0,0.2997779422649889,0.1687893164533679,0.3997039230199852,0.0
Jonjo Shelvey,2686,1.0,2.7052369762999997,4.0,0.0,1593.0,529.0,0.03350707371556218,0.09064457478294863,0.1340282948622487,0.0
Eden Hazard,2671,4.0,2.394681989,3.0,0.0,1476.0,154.0,0.13478098090602772,0.08068939685885436,0.10108573567952077,0.0
Wayne Hennessey,2667,0.0,0.0,0.0,0.0,869.0,705.0,0.0,0.0,0.0,0.0
Danny Simpson,2665,0.0,0.830563433,0.0,0.0,1203.0,200.0,0.0,0.02804904651782364,0.0,0.0
Jason Puncheon,2664,2.0,3.5759572955,3.0,0.0,1408.0,294.0,0.06756756756756757,0.12080936809121622,0.10135135135135136,0.0
Emre Can,2662,1.0,2.114136559,0.0,0.0,1782.0,301.0,0.033809166040571,0.07147719395567242,0.0,0.0
Jan Vertonghen,2652,0.0,0.674199291,0.0,0.0,1526.0,336.0,0.0,0.022880066436651584,0.0,0.0
Gnégnéri Yaya Touré,2650,6.0,5.880840277,3.0,0.0,1869.0,296.0,0.2037735849056604,0.19972665091698114,0.1018867924528302,0.0
Jonathan Grant Evans,2650,1.0,2.0259355855,1.0,0.0,1101.0,310.0,0.033962264150943396,0.06880535950754717,0.033962264150943396,0.0
Aleksandar Kolarov,2636,3.0,1.892182556,3.0,0.0,1774.0,323.0,0.10242792109256449,0.06460410851289833,0.10242792109256449,0.0
Dieumerci Mbokani Bezua,2626,7.0,6.0242896550000005,1.0,0.0,472.0,20.0,0.2399086062452399,0.20646841924980963,0.03427265803503427,0.0
Adam David Lallana,2614,4.0,3.885753835,7.0,0.0,1046.0,97.0,0.13771996939556236,0.13378647480872227,0.2410099464422341,0.0
Alexis Alejandro Sánchez Sánchez,2606,13.0,11.2630744794,4.0,0.0,1488.0,215.0,0.44896392939370683,0.38897801348656946,0.13814274750575595,0.0
Shinji Okazaki,2602,5.0,7.122357414,0.0,0.0,521.0,16.0,0.17294388931591081,0.24635363845503458,0.0,0.0
Ibrahim Afellay,2594,2.0,2.213303775,2.0,0.0,1331.0,276.0,0.06939090208172706,0.07679157276407093,0.06939090208172706,0.0
Bradley Guzan,2590,0.0,0.0,0.0,0.0,840.0,672.0,0.0,0.0,0.0,0.0
Christian Benteke Liolo,2590,9.0,11.003690723,3.0,0.0,493.0,32.0,0.3127413127413127,0.38236763130115836,0.10424710424710425,0.0
Geoff Cameron,2587,0.0,0.908820533,0.0,0.0,1187.0,253.0,0.0,0.03161725858909934,0.0,0.0
José Leonardo Ulloa,2587,6.0,6.423967905,1.0,0.0,396.0,26.0,0.20873598763046,0.22348554752609198,0.03478933127174333,0.0
Victor Wanyama,2583,1.0,1.7942775163,1.0,0.0,1389.0,228.0,0.03484320557491289,0.06251838035888502,0.03484320557491289,0.0
Bacary Sagna,2577,0.0,0.195271581,3.0,0.0,1984.0,198.0,0.0,0.0068197292549476134,0.10477299185098952,0.0
Jordan Ayew,2571,7.0,5.2455502295,0.0,0.0,824.0,62.0,0.24504084014002334,0.18362486217619606,0.0,0.0
Alan Hutton,2570,0.0,0.556799228,1.0,0.0,1232.0,222.0,0.0,0.01949880564980545,0.03501945525291829,0.0
Morgan Schneiderlin,2561,1.0,1.210289647,0.0,0.0,1484.0,237.0,0.035142522452167126,0.04253263109332292,0.0,0.0
José Ramiro Funes Mori,2542,4.0,2.0404576734,0.0,0.0,1299.0,305.0,0.14162077104642015,0.07224279724862313,0.0,0.0
Lee Cattermole,2525,0.0,0.671550593,0.0,0.0,970.0,229.0,0.0,0.023936456780198016,0.0,0.0
Roberto Firmino Barbosa de Oliveira,2514,10.0,7.3517586904000005,7.0,0.0,1045.0,93.0,0.35799522673031026,0.2631894519236277,0.25059665871121717,0.0
Wayne Mark Rooney,2511,8.0,6.8949190527,5.0,0.0,1195.0,252.0,0.2867383512544803,0.2471297151505376,0.17921146953405015,0.0
Séamus Coleman,2501,1.0,1.7228314895,2.0,0.0,1398.0,215.0,0.03598560575769692,0.061997134768092765,0.07197121151539385,0.0
Shane Long,2497,10.0,7.9844306355,4.0,0.0,649.0,57.0,0.3604325190228274,0.2877848446916299,0.14417300760913096,0.0
Memphis Depay,2494,2.0,4.3818552493,0.0,0.0,751.0,97.0,0.07217321571772253,0.15812629207578188,0.0,0.0
Ikechi Anya,2491,0.0,0.734730166,1.0,0.0,866.0,116.0,0.0,0.026545851039743072,0.03613006824568447,0.0
Almen Abdi,2488,2.0,2.358758406,0.0,0.0,1020.0,142.0,0.07234726688102894,0.08532486195337621,0.0,0.0
James McCarthy,2484,2.0,1.017741553,2.0,0.0,1389.0,235.0,0.07246376811594203,0.03687469394927537,0.07246376811594203,0.0
John Ruddy,2484,0.0,0.0,0.0,0.0,905.0,724.0,0.0,0.0,0.0,0.0
Diego da Silva Costa,2479,12.0,11.809203979000001,5.0,0.0,818.0,49.0,0.435659540137152,0.42873269790641394,0.18152480839048002,0.0
Jack Colback,2477,1.0,1.021766656,1.0,0.0,1175.0,248.0,0.03633427533306419,0.03712515100524828,0.03633427533306419,0.0
James Philip Milner,2472,5.0,3.9768661796,11.0,0.0,1610.0,377.0,0.18203883495145629,0.1447888172184466,0.40048543689320387,0.0
Mousa Sidi Yaya Dembélé,2459,3.0,1.7568571145,1.0,0.0,1383.0,124.0,0.10980073200488003,0.06430139906669378,0.036600244001626675,0.0
Sergio Leonel Agüero del Castillo,2452,24.0,17.6730739255,2.0,0.0,740.0,49.0,0.8809135399673735,0.6486854214090538,0.0734094616639478,0.0
Raheem Sterling,2451,6.0,6.411888005,2.0,0.0,904.0,44.0,0.22031823745410034,0.235442644002448,0.07343941248470012,0.0
Kyle Naughton,2444,0.0,0.408008469,3.0,0.0,1388.0,197.0,0.0,0.015024861788052374,0.1104746317512275,0.0
Oriol Romeu Vidal,2440,1.0,2.50753823,0.0,0.0,830.0,151.0,0.036885245901639344,0.0924911642213115,0.0,0.0
Lucas Pezzini Leiva,2438,0.0,0.553640256,1.0,0.0,1478.0,274.0,0.0,0.0204379093683347,0.036915504511895,0.0
Gary O''Neil,2436,0.0,0.685513635,0.0,0.0,977.0,255.0,0.0,0.025326858435960588,0.0,0.0
Mile Jedinak,2429,0.0,0.9048062729999999,0.0,0.0,828.0,153.0,0.0,0.03352513979827089,0.0,0.0
Jonathan Walters,2402,5.0,5.530523288,2.0,0.0,537.0,55.0,0.18734388009991673,0.20722193835137387,0.0749375520399667,0.0
Nacer Chadli,2381,3.0,2.5992438728,2.0,0.0,388.0,33.0,0.1133977320453591,0.09824945340277194,0.0755984880302394,0.0
Angelo Obinze Ogbonna,2380,0.0,0.514565924,0.0,0.0,954.0,217.0,0.0,0.019458375277310924,0.0,0.0
James McArthur,2372,2.0,1.1789362576,2.0,0.0,1067.0,183.0,0.07588532883642496,0.0447319827925801,0.07588532883642496,0.0
Joshua King,2370,6.0,5.83628998,2.0,0.0,457.0,27.0,0.22784810126582278,0.22163126506329114,0.0759493670886076,0.0
Sung-Yeung Ki,2367,2.0,2.258054574,1.0,0.0,1189.0,236.0,0.07604562737642585,0.08585758836501901,0.03802281368821293,0.0
Wes Hoolahan,2362,4.0,3.5316950505999998,7.0,0.0,1180.0,148.0,0.15241320914479253,0.13456924409568163,0.26672311600338694,0.0
Andy Carroll,2360,9.0,6.284561378,1.0,0.0,433.0,40.0,0.3432203389830509,0.239665476279661,0.03813559322033898,0.0
John O''Shea,2353,0.0,0.436195236,0.0,0.0,594.0,176.0,0.0,0.016684050675733107,0.0,0.0
Jordon Ibe,2347,1.0,1.2689323965000001,1.0,0.0,559.0,61.0,0.03834682573498083,0.0486595294780571,0.03834682573498083,0.0
Vurnon Anita,2346,1.0,0.28580458200000003,3.0,0.0,1134.0,196.0,0.03836317135549872,0.010964370153452686,0.11508951406649617,0.0
Theo Walcott,2339,5.0,6.700536241,2.0,0.0,333.0,28.0,0.19238991021804192,0.25782311316374523,0.07695596408721675,0.0
Mame Biram Diouf,2325,5.0,4.856480782,1.0,0.0,272.0,31.0,0.1935483870967742,0.18799280446451613,0.03870967741935484,0.0
Fabricio Coloccini,2322,1.0,1.049790611,0.0,0.0,856.0,229.0,0.03875968992248062,0.040689558565891466,0.0,0.0
Michael Carrick,2308,0.0,0.305455375,0.0,0.0,1562.0,307.0,0.0,0.011911171468804157,0.0,0.0
Pedro Eliezer Rodríguez Ledesma,2304,7.0,5.978802856,2.0,0.0,1049.0,142.0,0.2734375,0.2335469865625,0.078125,0.0
Heung-Min Son,2299,4.0,3.851927903,1.0,0.0,455.0,27.0,0.156589821661592,0.15079317584602,0.039147455415398,0.0
Tim Howard,2295,0.0,0.0,0.0,0.0,805.0,460.0,0.0,0.0,0.0,0.0
Yannick Bolasie Yala,2292,5.0,4.3318376392,3.0,0.0,653.0,118.0,0.19633507853403143,0.17009833661780105,0.11780104712041886,0.0
Ander Herrera Agüera,2291,3.0,2.8249739285,2.0,0.0,1122.0,156.0,0.1178524661719773,0.11097671478175468,0.07856831078131819,0.0
Andrew Philip King,2285,2.0,2.099677588,1.0,0.0,488.0,80.0,0.0787746170678337,0.08270064898030635,0.03938730853391685,0.0
Michail Antonio,2282,8.0,5.604933744,3.0,0.0,708.0,164.0,0.31551270815074495,0.22105347807186682,0.11831726555652937,0.0
Jonas Olsson,2278,1.0,1.06203607,1.0,0.0,575.0,203.0,0.03950834064969271,0.0419592828358209,0.03950834064969271,0.0
John Michael Nchekwube Obinna,2240,0.0,0.9143812689999999,1.0,0.0,1226.0,160.0,0.0,0.03673853312946428,0.040178571428571425,0.0
Kelechi Promise Iheanacho,2236,8.0,5.051744738,1.0,0.0,349.0,18.0,0.3220035778175313,0.2033349849821109,0.04025044722719141,0.0
Glen Johnson,2227,0.0,1.032534323,3.0,0.0,1205.0,174.0,0.0,0.04172792504265828,0.12123933542882803,0.0
Oscar dos Santos Emboaba Júnior,2224,3.0,5.1099101077,3.0,0.0,1096.0,165.0,0.12140287769784174,0.20678593061735612,0.12140287769784174,0.0
Matteo Darmian,2224,1.0,0.181710034,0.0,0.0,1157.0,172.0,0.04046762589928058,0.007353373678057554,0.0,0.0
Kevin De Bruyne,2200,7.0,4.5022645489999995,9.0,0.0,1314.0,211.0,0.2863636363636364,0.18418354973181816,0.3681818181818182,0.0
Winston Reid,2192,1.0,1.580104946,1.0,0.0,826.0,240.0,0.04105839416058394,0.0648765716879562,0.04105839416058394,0.0
Danny Rose,2173,1.0,0.8995505093,3.0,0.0,1433.0,254.0,0.04141739530602853,0.037257039041417396,0.1242521859180856,0.0
Fabio Borini,2170,5.0,4.82200341,2.0,0.0,600.0,98.0,0.2073732718894009,0.19999092483870967,0.08294930875576037,0.0
Nathan Aké,2166,1.0,1.8315563700000002,0.0,0.0,905.0,118.0,0.04155124653739612,0.07610345027700832,0.0,0.0
Jordan Veretout,2163,0.0,1.262154596,5.0,0.0,1090.0,204.0,0.0,0.052516834785020804,0.20804438280166435,0.0
Gerard Deulofeu Lázaro,2161,2.0,1.5518586585,9.0,0.0,691.0,161.0,0.08329477093937993,0.06463085574502546,0.3748264692272096,0.0
Micah Richards,2155,1.0,1.7120120159999999,1.0,0.0,783.0,146.0,0.04176334106728538,0.07149934173549884,0.04176334106728538,0.0
Billy Jones,2150,1.0,1.8214269680000001,0.0,0.0,847.0,122.0,0.04186046511627907,0.07624578005581396,0.0,0.0
Philippe Coutinho Correia,2148,8.0,7.1282458561,5.0,0.0,1147.0,204.0,0.33519553072625696,0.29866951911033524,0.20949720670391062,0.0
Wayne Routledge,2147,2.0,2.734539462,1.0,0.0,722.0,89.0,0.08383791336748952,0.11462904125756869,0.04191895668374476,0.0
Wilfried Guemiand Bony,2142,4.0,7.280474771,3.0,0.0,398.0,15.0,0.16806722689075632,0.305902301302521,0.12605042016806722,0.0
Glyn Oliver Myhill,2142,0.0,0.0,0.0,0.0,661.0,574.0,0.0,0.0,0.0,0.0
Scott Sinclair,2139,2.0,3.115692275,0.0,0.0,354.0,17.0,0.08415147265077139,0.1310950466339411,0.0,0.0
Manuel Lanzini,2139,5.0,3.446542672,2.0,0.0,1119.0,132.0,0.21037868162692847,0.14501582070126226,0.08415147265077139,0.0
Fernando Francisco Reges,2136,2.0,2.764655786,0.0,0.0,910.0,152.0,0.08426966292134831,0.11648830558988764,0.0,0.0
Gary Cahill,2133,2.0,1.083928988,0.0,0.0,743.0,135.0,0.08438818565400845,0.045735400337552745,0.0,0.0
Aaron Lennon,2130,5.0,1.952729209,0.0,0.0,516.0,42.0,0.2112676056338028,0.08250968488732394,0.0,0.0
James Tomkins,2121,0.0,0.5013403207,0.0,0.0,963.0,211.0,0.0,0.02127328093493635,0.0,0.0
Martin Olsson,2119,1.0,0.213022623,2.0,0.0,723.0,177.0,0.04247286455875413,0.009047681014629542,0.08494572911750826,0.0
Miguel Ángel Britos Cabrera,2103,0.0,0.652075664,0.0,0.0,772.0,284.0,0.0,0.02790623383737518,0.0,0.0
Arouna Koné,2092,5.0,4.59309574,3.0,0.0,592.0,37.0,0.21510516252390058,0.1975997211281071,0.12906309751434034,0.0
Marc Pugh,2091,3.0,2.683968362,2.0,0.0,555.0,58.0,0.1291248206599713,0.11552231113342898,0.08608321377331421,0.0
Jeffrey Schlupp,2088,1.0,2.136310598,2.0,0.0,557.0,113.0,0.043103448275862065,0.09208235336206898,0.08620689655172413,0.0
Younes Kaboul,2086,0.0,0.7563836586,1.0,0.0,692.0,222.0,0.0,0.032634002528283794,0.04314477468839885,0.0
Cédric Ricardo Alves Soares,2083,0.0,0.294186632,2.0,0.0,1155.0,285.0,0.0,0.012710896245799328,0.08641382621219394,0.0
Kurt Happy Zouma,2083,1.0,1.541715556,0.0,0.0,736.0,159.0,0.04320691310609697,0.06661277006240998,0.0,0.0
Jesse Lingard,2081,4.0,3.1945610810000002,1.0,0.0,771.0,55.0,0.17299375300336378,0.1381597776501682,0.043248438250840945,0.0
Per Mertesacker,2079,0.0,1.236622578,0.0,0.0,1238.0,233.0,0.0,0.053533444935064935,0.0,0.0
Dejan Lovren,2070,0.0,1.504936694,0.0,0.0,1078.0,235.0,0.0,0.06543203017391304,0.0,0.0
Àngel Rangel Zaragoza,2070,0.0,0.6835989456,0.0,0.0,1584.0,260.0,0.0,0.02972169328695652,0.0,0.0
Francis Joseph Coquelin,2068,0.0,0.2358031105,0.0,0.0,1104.0,144.0,0.0,0.010262224344777563,0.0,0.0
Thibaut Courtois,2062,0.0,0.0,0.0,0.0,638.0,436.0,0.0,0.0,0.0,0.0
Eliaquim Mangala,2047,0.0,0.7870409979999999,0.0,0.0,1011.0,178.0,0.0,0.03460365892525647,0.0,0.0
Bojan Krkíc Pérez,2042,7.0,4.8293865974,1.0,0.0,758.0,106.0,0.30852105778648387,0.21285249449853086,0.04407443682664055,0.0
Xherdan Shaqiri,2042,3.0,2.4633686411,5.0,0.0,835.0,202.0,0.13222331047992164,0.10857158555288933,0.22037218413320275,0.0
Stéphane Sessègnon,2039,2.0,1.2507088880000001,2.0,0.0,638.0,93.0,0.08827856792545366,0.05520539476213831,0.08827856792545366,0.0
John Terry,2031,1.0,1.154272665,0.0,0.0,933.0,119.0,0.044313146233382575,0.05114945339734121,0.0,0.0
José Manuel Jurado Marín,2025,0.0,1.5850886101,0.0,0.0,1035.0,122.0,0.0,0.0704483826711111,0.0,0.0
DeAndre Yedlin,2016,0.0,0.46109487899999996,1.0,0.0,797.0,175.0,0.0,0.0205845928125,0.04464285714285714,0.0
Leon Britton,2007,0.0,0.127162849,0.0,0.0,1002.0,95.0,0.0,0.005702369910313901,0.0,0.0
Duncan Watmore,1994,3.0,1.994844704,1.0,0.0,174.0,15.0,0.13540621865596789,0.09003812605817452,0.04513540621865597,0.0
Alexander Banor Tettey,1993,2.0,0.8520836592,0.0,0.0,1097.0,163.0,0.09031610637230306,0.038478439201204216,0.0,0.0
Pedro Mba Obiang Avomo,1982,0.0,0.325509128,1.0,0.0,478.0,83.0,0.0,0.014780939212916245,0.045408678102926335,0.0
Kevin Mirallas,1972,4.0,3.215618413,2.0,0.0,382.0,77.0,0.18255578093306288,0.14675743264198782,0.09127789046653144,0.0
Mamadou Sakho,1971,1.0,0.923896527,0.0,0.0,1244.0,195.0,0.045662100456621,0.04218705602739726,0.0,0.0
David Josué Jiménez Silva,1968,2.0,2.83500895,10.0,0.0,1488.0,191.0,0.09146341463414635,0.12964979954268294,0.45731707317073167,0.0
Jack Rodwell,1968,1.0,2.53102008,0.0,0.0,462.0,82.0,0.04573170731707318,0.11574786951219512,0.0,0.0
Martin Škrtel,1963,1.0,0.507316491,0.0,0.0,1146.0,224.0,0.04584819154355578,0.02325954365257259,0.0,0.0
Ryan Bennett,1952,0.0,0.829482414,0.0,0.0,606.0,201.0,0.0,0.03824457851434426,0.0,0.0
Modou Barrow,1948,1.0,0.6395988,3.0,0.0,235.0,25.0,0.046201232032854214,0.029550252566735113,0.13860369609856263,0.0
Rob Elliot,1940,0.0,0.0,0.0,0.0,688.0,583.0,0.0,0.0,0.0,0.0
Paul Dummett,1939,1.0,0.335921315,0.0,0.0,880.0,199.0,0.04641567818463126,0.015592015652398143,0.0,0.0
Chris Brunt,1934,0.0,0.613524584,3.0,0.0,851.0,253.0,0.0,0.02855078208893485,0.13960703205791106,0.0
Jefferson Antonio Montero Vite,1929,0.0,1.821712751,2.0,0.0,492.0,64.0,0.0,0.08499437407465008,0.09331259720062209,0.0
José Luis Sanmartín Mato,1929,4.0,2.577868745,1.0,0.0,376.0,37.0,0.18662519440124417,0.12027381391912909,0.04665629860031104,0.0
Alex Oxlade-Chamberlain,1915,1.0,1.4757364623,0.0,0.0,495.0,90.0,0.04699738903394256,0.0693557606302872,0.0,0.0
Sebastian Prödl,1910,2.0,1.175452245,0.0,0.0,538.0,173.0,0.0942408376963351,0.05538780212041885,0.0,0.0
Ryan Mason,1888,1.0,2.7420546949999998,0.0,0.0,543.0,101.0,0.04766949152542373,0.13071235304555084,0.0,0.0
Tom Cleverley,1885,2.0,1.439410273,4.0,0.0,974.0,182.0,0.09549071618037135,0.06872515892307691,0.1909814323607427,0.0
Phil Jagielka,1885,0.0,0.660346579,0.0,0.0,1062.0,349.0,0.0,0.031528483877984084,0.0,0.0
Gabriel Armando de Abreu,1878,1.0,1.0417122505,0.0,0.0,1074.0,177.0,0.047923322683706075,0.04992231232428115,0.0,0.0
Steven Naismith,1868,4.0,3.209564593,1.0,0.0,506.0,24.0,0.19271948608137046,0.15463640972698073,0.048179871520342615,0.0
Charlie Adam,1858,1.0,0.9784929337,1.0,0.0,590.0,203.0,0.04843918191603875,0.04739739721905275,0.04843918191603875,0.0
Lewis Grabban,1830,1.0,2.694718444,0.0,0.0,327.0,27.0,0.04918032786885246,0.1325271365901639,0.0,0.0
Carles Gil de Pareja Vicent,1826,2.0,1.017689849,1.0,0.0,809.0,132.0,0.09857612267250822,0.05015995969879518,0.04928806133625411,0.0
Graham Dorrans,1812,0.0,0.6564015583,1.0,0.0,761.0,146.0,0.0,0.03260272640562914,0.04966887417218543,0.0
Martín Gastón Demichelis,1792,0.0,0.30180650400000003,0.0,0.0,567.0,94.0,0.0,0.015157692723214287,0.0,0.0
Valon Behrami,1787,0.0,0.019907001,1.0,0.0,519.0,46.0,0.0,0.0010025909848908785,0.05036373810856184,0.0
Matt Jarvis,1779,1.0,0.992031861,1.0,0.0,367.0,61.0,0.050590219224283306,0.05018710932546374,0.050590219224283306,0.0
Maya Yoshida,1760,1.0,0.52635944,0.0,0.0,567.0,144.0,0.05113636363636363,0.026916107727272726,0.0,0.0
Glenn Murray,1760,3.0,4.633835496,0.0,0.0,202.0,13.0,0.1534090909090909,0.23695749695454543,0.0,0.0
Vito Mannone,1760,0.0,0.0,0.0,0.0,633.0,538.0,0.0,0.0,0.0,0.0
Diafra Sakho,1757,5.0,7.352103891,1.0,0.0,360.0,38.0,0.25611838360842343,0.3766017929368241,0.051223676721684694,0.0
Connor Wickham,1742,5.0,4.750864303,3.0,0.0,409.0,50.0,0.2583237657864524,0.24545223149827786,0.1549942594718714,0.0
Carl Jenkinson,1730,2.0,0.7927971646,0.0,0.0,706.0,125.0,0.10404624277456648,0.04124378312947977,0.0,0.0
James Collins,1726,0.0,0.9503093917000001,0.0,0.0,555.0,150.0,0.0,0.04955263340266513,0.0,0.0
Jordon Mutch,1720,0.0,1.1795702252,0.0,0.0,357.0,68.0,0.0,0.061721697830232555,0.0,0.0
Jeremain Lens,1716,3.0,2.1020062906,3.0,0.0,474.0,128.0,0.15734265734265734,0.11024508517132867,0.15734265734265734,0.0
Ryan Shawcross,1713,0.0,0.9745430740000001,0.0,0.0,590.0,160.0,0.0,0.05120191281961471,0.0,0.0
Tom Carroll,1697,1.0,0.212013576,0.0,0.0,361.0,61.0,0.05303476723629935,0.011244090654095462,0.0,0.0
Rickie Lambert,1696,1.0,1.678473562,1.0,0.0,277.0,34.0,0.05306603773584905,0.08906994137971698,0.05306603773584905,0.0
Junior Stanislas,1688,3.0,2.4055857666,2.0,0.0,776.0,107.0,0.15995260663507108,0.12825990461729855,0.1066350710900474,0.0
Harry Arter,1683,1.0,1.0289659574,0.0,0.0,1042.0,183.0,0.05347593582887701,0.055024917508021395,0.0,0.0
Adam Johnson,1678,2.0,1.762098854,5.0,0.0,600.0,195.0,0.10727056019070322,0.09451066558998808,0.26817640047675806,0.0
Fraser Forster,1675,0.0,0.0,0.0,0.0,487.0,414.0,0.0,0.0,0.0,0.0
Carlos Alberto Sánchez Moreno,1672,0.0,0.47976772,0.0,0.0,795.0,180.0,0.0,0.025824817464114833,0.0,0.0
Leighton Baines,1668,2.0,1.1736909825,1.0,0.0,1023.0,212.0,0.1079136690647482,0.06332865013489208,0.0539568345323741,0.0
Jordy Clasie,1663,0.0,0.540446676,0.0,0.0,828.0,156.0,0.0,0.02924846713168972,0.0,0.0
Joe Allen,1641,2.0,2.1233271179999997,1.0,0.0,413.0,55.0,0.1096892138939671,0.11645304120658133,0.05484460694698355,0.0
Jamaal Lascelles,1641,2.0,0.838523107,0.0,0.0,461.0,95.0,0.1096892138939671,0.04598847021937842,0.0,0.0
Enner Remberto Valencia Lastra,1639,4.0,3.6387039443,2.0,0.0,259.0,22.0,0.21964612568639413,0.19980680597132397,0.10982306284319707,0.0
Aly Cissokho,1629,0.0,0.0875349715,0.0,0.0,934.0,167.0,0.0,0.004836186270718233,0.0,0.0
Papiss Demba Cissé,1614,3.0,3.6073283896,0.0,0.0,407.0,44.0,0.16728624535315983,0.2011521406840149,0.0,0.0
Victor Moses,1588,1.0,1.837626853,2.0,0.0,306.0,30.0,0.05667506297229219,0.10414761761335013,0.11335012594458438,0.0
Joe Ledley,1585,1.0,0.355989402,0.0,0.0,396.0,53.0,0.056782334384858045,0.020213909261829654,0.0,0.0
Ciaran Clark,1575,1.0,1.2308838428000002,0.0,0.0,584.0,149.0,0.05714285714285714,0.07033621958857143,0.0,0.0
Siem Stefan de Jong,1572,0.0,0.752050002,1.0,0.0,200.0,17.0,0.0,0.043056297824427485,0.05725190839694657,0.0
Bakary Sako,1567,2.0,2.1215525987,1.0,0.0,423.0,91.0,0.11486917677089982,0.12185050024441609,0.05743458838544991,0.0
Costel Fane Pantilimon,1567,0.0,0.0,0.0,0.0,560.0,448.0,0.0,0.0,0.0,0.0
Ben Davies,1564,0.0,0.560651818,2.0,0.0,890.0,127.0,0.0,0.03226257264705882,0.11508951406649617,0.0
Maarten Stekelenburg,1562,0.0,0.0,0.0,0.0,467.0,306.0,0.0,0.0,0.0,0.0
Ashley Young,1555,1.0,0.846341729,2.0,0.0,776.0,149.0,0.057877813504823156,0.04898440875241158,0.11575562700964631,0.0
Bastian Schweinsteiger,1546,1.0,1.378185402,0.0,0.0,1086.0,165.0,0.05821474773609315,0.08023071551099611,0.0,0.0
Asmir Begović,1544,0.0,0.0,0.0,0.0,410.0,290.0,0.0,0.0,0.0,0.0
Marouane Fellaini-Bakkioui,1516,1.0,3.012999341,0.0,0.0,601.0,60.0,0.059366754617414245,0.17887199253957783,0.0,0.0
Joel Nathaniel Campbell Samuels,1503,3.0,1.756452317,2.0,0.0,350.0,38.0,0.17964071856287422,0.10517678544910179,0.11976047904191617,0.0
Cheik Ismaël Tioté,1488,0.0,0.045869157,0.0,0.0,850.0,144.0,0.0,0.0027743441733870965,0.0,0.0
Sebastian Larsson,1479,0.0,0.4006977,0.0,0.0,269.0,60.0,0.0,0.024383227180527385,0.0,0.0
Juan Carlos Paredes Reasco,1471,0.0,0.127796528,0.0,0.0,380.0,75.0,0.0,0.007818958205302515,0.0,0.0
Jordan Brian Henderson,1449,2.0,2.206942035,2.0,0.0,1007.0,236.0,0.12422360248447205,0.1370771450310559,0.12422360248447205,0.0
Andros Townsend,1443,4.0,1.440451886,2.0,0.0,481.0,65.0,0.2494802494802495,0.08984107397089397,0.12474012474012475,0.0
James Morrison,1442,3.0,2.450218271,2.0,0.0,615.0,88.0,0.18723994452149792,0.15292624437586683,0.12482662968099861,0.0
Marco van Ginkel,1440,0.0,0.519662764,0.0,0.0,387.0,64.0,0.0,0.03247892275,0.0,0.0
Sebastián Coates Nión,1387,0.0,0.809585872,1.0,0.0,417.0,148.0,0.0,0.05253260885364095,0.06488824801730353,0.0
Ben Foster,1375,0.0,0.0,0.0,0.0,408.0,360.0,0.0,0.0,0.0,0.0
Mathieu Flamini,1361,0.0,0.9192256879999999,0.0,0.0,627.0,72.0,0.0,0.060786415811903007,0.0,0.0
Jack Grealish,1355,1.0,0.704957433,0.0,0.0,342.0,41.0,0.06642066420664207,0.046823740937269376,0.0,0.0
Fabian Delph,1351,2.0,0.3297079417,0.0,0.0,471.0,52.0,0.1332346410066617,0.02196425962472243,0.0,0.0
Lamine Koné,1351,2.0,1.6360862857,1.0,0.0,405.0,122.0,0.1332346410066617,0.10899168446558105,0.06661732050333086,0.0
Rhu-endly Martina,1347,1.0,0.125135943,1.0,0.0,581.0,120.0,0.06681514476614699,0.008360976146993318,0.06681514476614699,0.0
Kieran Gibbs,1341,1.0,0.674481988,0.0,0.0,219.0,36.0,0.06711409395973154,0.045267247516778526,0.0,0.0
Eunan O''Kane,1339,0.0,0.561858429,1.0,0.0,369.0,75.0,0.0,0.03776494294996267,0.06721433905899926,0.0
Adlène Guédioura,1338,0.0,0.312132211,2.0,0.0,298.0,81.0,0.0,0.02099544020179372,0.13452914798206278,0.0
Dwight Gayle,1330,3.0,3.10514001,0.0,0.0,154.0,18.0,0.2030075187969925,0.21012225631578949,0.0,0.0
Marc Muniesa Martínez,1321,0.0,0.056767401,0.0,0.0,558.0,122.0,0.0,0.003867574632853899,0.0,0.0
Santiago Cazorla González,1314,0.0,1.7842006869999998,3.0,0.0,1300.0,211.0,0.0,0.12220552650684931,0.2054794520547945,0.0
Divock Okoth Origi,1305,5.0,2.3073988329,1.0,0.0,173.0,4.0,0.3448275862068965,0.15913095399310345,0.06896551724137931,0.0
Faustino Marcos Alberto Rojo,1303,0.0,0.291408441,1.0,0.0,902.0,166.0,0.0,0.02012798134305449,0.06907137375287797,0.0
Abdul Rahman Baba,1300,0.0,0.369237156,1.0,0.0,651.0,62.0,0.0,0.025562572338461542,0.06923076923076923,0.0
Gilbert Gianelli Imbula Wanga,1289,2.0,0.7735615092,0.0,0.0,779.0,103.0,0.13964313421256788,0.05401127682544608,0.0,0.0
Steven Fletcher,1278,4.0,2.261517854,0.0,0.0,294.0,27.0,0.28169014084507044,0.15926182070422534,0.0,0.0
Brendan Joel Zibusiso Galloway,1271,0.0,0.938793719,1.0,0.0,527.0,39.0,0.0,0.06647634516915814,0.07081038552321008,0.0
Luis Antonio Valencia Mosquera,1270,0.0,0.1862707734,3.0,0.0,709.0,89.0,0.0,0.013200291028346458,0.2125984251968504,0.0
Vincent Kompany,1268,2.0,0.750381515,0.0,0.0,679.0,193.0,0.14195583596214512,0.05326051762618297,0.0,0.0
Mario Suárez Mata,1261,0.0,0.42049565499999997,0.0,0.0,427.0,75.0,0.0,0.03001158521015067,0.0,0.0
Gaël Clichy,1254,0.0,0.049342582999999995,1.0,0.0,839.0,126.0,0.0,0.003541333708133971,0.07177033492822966,0.0
Kolo Habib Touré,1246,1.0,0.29085575,0.0,0.0,457.0,83.0,0.07223113964686999,0.021008842295345106,0.0,0.0
Gabriel Imuetinyan Agbonlahor,1223,1.0,1.4350953469999999,2.0,0.0,233.0,17.0,0.07358953393295176,0.10560799773507767,0.1471790678659035,0.0
Mauro Matías Zárate,1213,4.0,1.935043989,0.0,0.0,336.0,62.0,0.2967848309975268,0.14357292581203626,0.0,0.0
Nikica Jelavić,1208,1.0,1.8327274987,1.0,0.0,78.0,2.0,0.07450331125827815,0.13654426728725166,0.07450331125827815,0.0
Nathan Dyer,1206,1.0,0.621348127,1.0,0.0,90.0,6.0,0.0746268656716418,0.04636926320895523,0.0746268656716418,0.0
Joel Robles Blázquez,1203,0.0,0.0,0.0,0.0,475.0,347.0,0.0,0.0,0.0,0.0
Stephen Ireland,1196,0.0,0.383392195,1.0,0.0,176.0,29.0,0.0,0.028850583235785956,0.07525083612040134,0.0
Martin Kelly,1194,0.0,0.019187449,0.0,0.0,540.0,99.0,0.0,0.0014462901256281405,0.0,0.0
Robert Kenedy Nunes do Nascimento,1192,1.0,0.428224582,0.0,0.0,323.0,42.0,0.07550335570469799,0.032332392936241613,0.0,0.0
Matt Targett,1180,0.0,0.144222356,1.0,0.0,555.0,106.0,0.0,0.011000010203389829,0.07627118644067796,0.0
Daniel Andre Sturridge,1179,8.0,5.1249343953999995,1.0,0.0,327.0,39.0,0.6106870229007634,0.3912163660610687,0.07633587786259542,0.0
Bryan Oviedo,1167,0.0,0.29235346349999997,1.0,0.0,571.0,93.0,0.0,0.022546539601542414,0.07712082262210797,0.0
Patrick Bamford,1161,0.0,1.042446711,0.0,0.0,96.0,2.0,0.0,0.08080982255813954,0.0,0.0
Éderzito António Macedo Lopes,1160,0.0,0.395401042,0.0,0.0,85.0,9.0,0.0,0.030677667051724138,0.0,0.0
Florian Thauvin,1156,0.0,0.408411334,0.0,0.0,216.0,50.0,0.0,0.03179673015570934,0.0,0.0
Pablo Javier Zabaleta Girod,1155,0.0,0.094444591,1.0,0.0,722.0,74.0,0.0,0.007359318779220778,0.07792207792207792,0.0
Jan Kirchhoff,1150,0.0,1.002113455,0.0,0.0,569.0,127.0,0.0,0.07842627039130434,0.0,0.0
Benik Afobe,1142,4.0,1.948932968,0.0,0.0,224.0,12.0,0.3152364273204904,0.1535936664798599,0.0,0.0
Ruben Loftus-Cheek,1141,1.0,1.369049881,0.0,0.0,248.0,14.0,0.07887817703768624,0.10798815888694129,0.0,0.0
Wahbi Khazri,1135,2.0,0.7885470373,1.0,0.0,421.0,136.0,0.15859030837004406,0.0625279589048458,0.07929515418502203,0.0
James Grant Chester,1130,0.0,0.0,0.0,0.0,404.0,78.0,0.0,0.0,0.0,0.0
Juan Miguel Jiménez López,1117,0.0,0.426554524,0.0,0.0,51.0,3.0,0.0,0.034368762005371534,0.0,0.0
Calum Chambers,1116,0.0,0.18610070499999998,0.0,0.0,190.0,27.0,0.0,0.01500812137096774,0.0,0.0
Tommy Elphick,1112,1.0,0.43302065,0.0,0.0,462.0,93.0,0.08093525179856116,0.03504663534172662,0.0,0.0
Tetchi Jores Charlemagne Ulrich Okore,1092,0.0,0.0,0.0,0.0,344.0,105.0,0.0,0.0,0.0,0.0
Callum Wilson,1088,5.0,3.2849409890000003,0.0,0.0,143.0,9.0,0.4136029411764706,0.2717322509283089,0.0,0.0
Emmanuel Emenike,1088,0.0,1.810002222,0.0,0.0,153.0,4.0,0.0,0.14972444851102942,0.0,0.0
Chung-Yong Lee,1086,1.0,0.165622008,0.0,0.0,193.0,33.0,0.08287292817679558,0.013725580773480663,0.0,0.0
Samir Nasri,1080,2.0,1.920093709,2.0,0.0,437.0,43.0,0.16666666666666669,0.16000780908333334,0.16666666666666669,0.0
Loïc Rémy,1072,1.0,1.647004704,0.0,0.0,103.0,7.0,0.08395522388059701,0.13827464865671643,0.0,0.0
Callum McManaman,1064,0.0,0.520520779,1.0,0.0,99.0,11.0,0.0,0.0440290132612782,0.08458646616541353,0.0
Ritchie De Laet,1063,1.0,0.122346265,0.0,0.0,332.0,75.0,0.08466603951081844,0.010358573706491063,0.0,0.0
Nordin Amrabat,1063,0.0,0.349799804,0.0,0.0,193.0,36.0,0.0,0.029616164026340545,0.0,0.0
Demarai Gray,1058,0.0,0.1598515,1.0,0.0,100.0,13.0,0.0,0.013597953686200379,0.08506616257088848,0.0
Max-Alain Gradel,1052,1.0,1.5043037857,2.0,0.0,339.0,55.0,0.08555133079847908,0.1286951907918251,0.17110266159695817,0.0
Jay Rodriguez,1030,0.0,1.079480349,0.0,0.0,93.0,9.0,0.0,0.0943235256407767,0.0,0.0
Declan Rudd,1022,0.0,0.0,0.0,0.0,334.0,282.0,0.0,0.0,0.0,0.0
Sylvain Distin,1019,0.0,0.16814246000000002,0.0,0.0,479.0,104.0,0.0,0.014850658881256135,0.0,0.0
Peter Crouch,1019,0.0,0.582041097,1.0,0.0,156.0,7.0,0.0,0.0514069663689892,0.08832188420019627,0.0
Ramires Santos do Nascimento,1006,2.0,0.789509716,0.0,0.0,332.0,55.0,0.17892644135188865,0.07063208194831014,0.0,0.0
Dame N''Doye,993,1.0,0.7051310829999999,0.0,0.0,194.0,30.0,0.09063444108761329,0.06390916160120845,0.0,0.0
Emmanuel Adebayor,986,1.0,2.139792485,1.0,0.0,240.0,15.0,0.09127789046653144,0.1953157440669371,0.09127789046653144,0.0
José Holebas,971,0.0,0.5577538845,0.0,0.0,531.0,96.0,0.0,0.05169706447476828,0.0,0.0
Kieran Richardson,966,0.0,0.154056552,2.0,0.0,347.0,42.0,0.0,0.0143530949068323,0.1863354037267081,0.0
Alexandre Dimitri Song-Billong,963,0.0,0.215362981,0.0,0.0,463.0,77.0,0.0,0.02012738140186916,0.0,0.0
Alex Iwobi,957,2.0,1.7235450079999999,2.0,0.0,376.0,30.0,0.18808777429467086,0.1620888722257053,0.18808777429467086,0.0
Mohamed Naser Elsayed Elneny,947,0.0,0.9750984220000001,1.0,0.0,744.0,79.0,0.0,0.09267038857444562,0.09503695881731784,0.0
Jordan Amavi,933,0.0,0.0751711596,2.0,0.0,529.0,92.0,0.0,0.00725123726045016,0.19292604501607716,0.0
Phil Bardsley,930,0.0,0.0984618157,1.0,0.0,382.0,86.0,0.0,0.00952856280967742,0.0967741935483871,0.0
Radamel Falcao García Zárate,929,1.0,1.332758599,0.0,0.0,85.0,3.0,0.0968783638320775,0.12911547245425187,0.0,0.0
Mark Bunn,928,0.0,0.0,0.0,0.0,270.0,235.0,0.0,0.0,0.0,0.0
Ivo Daniel Ferreira Mendonca Pinto,926,0.0,0.0,0.0,0.0,486.0,72.0,0.0,0.0,0.0,0.0
Cameron Borthwick-Jackson,917,0.0,0.018527634,1.0,0.0,484.0,64.0,0.0,0.0018184155507088332,0.09814612868047982,0.0
Adama Traoré Diarra,917,0.0,0.12489151000000001,1.0,0.0,53.0,12.0,0.0,0.012257618211559433,0.09814612868047982,0.0
Leroy Fer,902,0.0,0.26149118,2.0,0.0,435.0,74.0,0.0,0.026091137694013302,0.19955654101995565,0.0
Victor Chinedu Anichebe,900,0.0,1.219452485,0.0,0.0,116.0,4.0,0.0,0.12194524849999999,0.0,0.0
Fraizer Campbell,891,0.0,0.5991128099999999,0.0,0.0,83.0,4.0,0.0,0.060516445454545445,0.0,0.0
Kevin Wimmer,884,0.0,0.09628442,0.0,0.0,543.0,133.0,0.0,0.009802712443438914,0.0,0.0
Rolando Aarons,883,1.0,0.15101469,1.0,0.0,170.0,27.0,0.10192525481313704,0.015392210758776897,0.10192525481313704,0.0
Ola Toivonen,881,0.0,0.40832998400000003,2.0,0.0,261.0,27.0,0.0,0.04171361925085131,0.2043132803632236,0.0
Marouane Chamakh,877,0.0,0.242332913,0.0,0.0,91.0,3.0,0.0,0.02486882801596351,0.0,0.0
Timm Klose,873,1.0,0.47455927000000003,0.0,0.0,283.0,93.0,0.10309278350515465,0.04892363608247423,0.0,0.0
Steven Taylor,869,0.0,0.063562,0.0,0.0,316.0,68.0,0.0,0.006582945914844649,0.0,0.0
Andre Wisdom,865,0.0,0.117123414,0.0,0.0,447.0,62.0,0.0,0.012186251167630058,0.0,0.0
Marcus Rashford,863,5.0,1.80401335,3.0,0.0,209.0,10.0,0.5214368482039398,0.18813580706836616,0.3128621089223638,0.0
Daniel Nii Tackie Mensah Welbeck,860,4.0,3.023731793,2.0,0.0,145.0,6.0,0.41860465116279066,0.3164370481046512,0.20930232558139533,0.0
Phil Jones,852,0.0,0.052710865,0.0,0.0,321.0,59.0,0.0,0.005568049119718311,0.0,0.0
Muhamed Bešić,844,0.0,0.192631854,0.0,0.0,352.0,54.0,0.0,0.02054131144549763,0.0,0.0
Vadis Odjidja-Ofoe,842,0.0,0.160835927,2.0,0.0,159.0,14.0,0.0,0.017191488634204274,0.2137767220902613,0.0
Alberto Paloschi,835,2.0,2.843150024,0.0,0.0,202.0,17.0,0.2155688622754491,0.3064473079760479,0.0,0.0
Steven Berghuis,833,0.0,0.5190596494999999,2.0,0.0,113.0,32.0,0.0,0.05608087449579831,0.2160864345738295,0.0
Karl Darlow,820,0.0,0.0,0.0,0.0,246.0,213.0,0.0,0.0,0.0,0.0
Bertrand Isidore Traoré,809,2.0,1.61311014,1.0,0.0,137.0,9.0,0.22249690976514214,0.17945601063040792,0.11124845488257107,0.0
Leon Osman,808,0.0,0.246678815,0.0,0.0,152.0,10.0,0.0,0.027476600680693068,0.0,0.0
Sandro Ranieri Guimarães Cordeiro,806,0.0,0.056106919500000005,0.0,0.0,145.0,19.0,0.0,0.006265040638957817,0.0,0.0
Danny Graham,790,0.0,0.5011478739999999,0.0,0.0,86.0,10.0,0.0,0.05709279577215189,0.0,0.0
Mikel Arteta Amatriain,781,0.0,0.37236434,0.0,0.0,128.0,23.0,0.0,0.04291010320102433,0.0,0.0
Timothy Michael Krul,746,0.0,0.0,0.0,0.0,281.0,209.0,0.0,0.0,0.0,0.0
Josh Onomah,737,0.0,0.191308678,0.0,0.0,49.0,5.0,0.0,0.023361982388059706,0.0,0.0
Clinton Mua N''Jie,732,0.0,0.499049676,1.0,0.0,72.0,9.0,0.0,0.06135856672131147,0.12295081967213115,0.0
Jordi Amat Maas,722,0.0,0.3147205,0.0,0.0,185.0,38.0,0.0,0.03923108725761773,0.0,0.0
Timothy Evans Fosu-Mensah,715,0.0,0.050805534,1.0,0.0,144.0,34.0,0.0,0.006395102181818182,0.1258741258741259,0.0
Yoan Gouffran,701,0.0,0.142816165,0.0,0.0,94.0,20.0,0.0,0.018335884236804566,0.0,0.0
Paddy McNair,685,0.0,0.1577341745,0.0,0.0,217.0,64.0,0.0,0.02072419810948905,0.0,0.0
Steven Whittaker,677,1.0,0.401340784,0.0,0.0,409.0,78.0,0.1329394387001477,0.05335401855243722,0.0,0.0
Oluwaseyi Babajide Ojo,663,0.0,0.3465609515,2.0,0.0,158.0,17.0,0.0,0.047044473054298645,0.2714932126696833,0.0
Alex McCarthy,652,0.0,0.0,0.0,0.0,220.0,195.0,0.0,0.0,0.0,0.0
Yann Kermorgant,648,0.0,0.14714601500000002,0.0,0.0,62.0,4.0,0.0,0.02043694652777778,0.0,0.0
Brede Hangeland,648,0.0,0.691801328,0.0,0.0,265.0,52.0,0.0,0.09608351777777778,0.0,0.0
Kevin Linford Stewart,641,0.0,0.22761358,0.0,0.0,466.0,70.0,0.0,0.03195822496099844,0.0,0.0
Massadio Haïdara,631,0.0,0.0439196815,0.0,0.0,319.0,38.0,0.0,0.006264296885895405,0.0,0.0
Charlie Austin,603,1.0,0.59781394,0.0,0.0,55.0,8.0,0.1492537313432836,0.08922596119402985,0.0,0.0
Darren Randolph,559,0.0,0.050556086,0.0,0.0,192.0,157.0,0.0,0.008139620286225403,0.0,0.0
Steven Caulker,553,0.0,0.324833245,0.0,0.0,80.0,17.0,0.0,0.05286617007233273,0.0,0.0
Kieran Trippier,552,1.0,0.6527253940000001,1.0,0.0,355.0,73.0,0.16304347826086957,0.10642261858695654,0.16304347826086957,0.0
Youssouf Chafiq Mulumbu Ngangu,549,0.0,0.18326662500000002,0.0,0.0,162.0,15.0,0.0,0.030043709016393444,0.0,0.0
Reece Oxford,544,0.0,0.07030312,0.0,0.0,57.0,12.0,0.0,0.011631030882352941,0.0,0.0
Wes Brown,544,0.0,0.0,0.0,0.0,198.0,46.0,0.0,0.0,0.0,0.0
Darron Gibson,544,0.0,0.024389918,0.0,0.0,177.0,49.0,0.0,0.004035096727941176,0.0,0.0
Daniel William John Ings,522,2.0,1.359236949,0.0,0.0,81.0,9.0,0.3448275862068965,0.23435119810344826,0.0,0.0
Lee Tomlin,512,0.0,0.22449919,0.0,0.0,122.0,11.0,0.0,0.0394627482421875,0.0,0.0
Adam Federici,502,0.0,0.0,0.0,0.0,130.0,73.0,0.0,0.0,0.0,0.0
Luke Shaw,465,0.0,0.09207138,1.0,0.0,351.0,40.0,0.0,0.01782026709677419,0.1935483870967742,0.0
Kyle Bartley,461,0.0,0.08941238,0.0,0.0,139.0,39.0,0.0,0.01745577917570499,0.0,0.0
Osazemwinde Peter Odemwingie,459,0.0,0.080638808,0.0,0.0,54.0,8.0,0.0,0.015811530980392157,0.0,0.0
Jakob Haugaard,458,0.0,0.0,0.0,0.0,145.0,125.0,0.0,0.0,0.0,0.0
Joe Gomez,446,0.0,0.016134378,1.0,0.0,273.0,50.0,0.0,0.0032558161883408073,0.20179372197309417,0.0
Guangtai Jiang,439,0.0,0.22570679,0.0,0.0,131.0,20.0,0.0,0.046272462642369026,0.0,0.0
Jonathan Leko,433,0.0,0.0,1.0,0.0,55.0,7.0,0.0,0.0,0.20785219399538105,0.0
Gabriel Antoine Obertan,431,0.0,0.11405727900000001,1.0,0.0,107.0,9.0,0.0,0.023817065220417637,0.2088167053364269,0.0
Jon Flanagan,429,0.0,0.0,1.0,0.0,303.0,29.0,0.0,0.0,0.2097902097902098,0.0
Nabil Bentaleb,412,0.0,0.1347764505,0.0,0.0,100.0,15.0,0.0,0.02944145763349515,0.0,0.0
Adnan Januzaj,402,1.0,0.194883131,0.0,0.0,45.0,9.0,0.22388059701492538,0.04363055171641791,0.0,0.0
El-Hadji Baye Oumar Niasse,399,0.0,0.144330245,0.0,0.0,46.0,3.0,0.0,0.032555694360902256,0.0,0.0
Steven Pienaar,378,0.0,0.051837135,0.0,0.0,80.0,7.0,0.0,0.012342175,0.0,0.0
Yohan Benalouane,375,0.0,0.0,0.0,0.0,18.0,5.0,0.0,0.0,0.0,0.0
Segundo Víctor Ibarbo Guerrero,372,0.0,0.0,0.0,0.0,28.0,6.0,0.0,0.0,0.0,0.0
Marc Wilson,371,0.0,0.0,0.0,0.0,113.0,38.0,0.0,0.0,0.0,0.0
Andreas Hoelgebaum Pereira,371,0.0,0.0,0.0,0.0,65.0,16.0,0.0,0.0,0.0,0.0
David Ospina Ramírez,370,0.0,0.0,0.0,0.0,127.0,100.0,0.0,0.0,0.0,0.0
Guillermo Varela Olivera,370,0.0,0.020327501,0.0,0.0,197.0,39.0,0.0,0.00494452727027027,0.0,0.0
Bradley Johnson,369,0.0,0.8057374274,1.0,0.0,77.0,11.0,0.0,0.19652132375609757,0.24390243902439024,0.0
Kevin Toner,364,0.0,0.114883628,1.0,0.0,125.0,23.0,0.0,0.02840529263736264,0.24725274725274726,0.0
Marcin Ryszard Wasilewski,364,0.0,0.04159231,0.0,0.0,79.0,15.0,0.0,0.010283812912087912,0.0,0.0
Gökhan İnler,361,0.0,0.038327533,0.0,0.0,122.0,25.0,0.0,0.009555340637119112,0.0,0.0
Stephen Kingsley,361,0.0,0.015957909,1.0,0.0,155.0,36.0,0.0,0.003978426066481995,0.24930747922437674,0.0
Sergio Germán Romero,360,0.0,0.0,0.0,0.0,140.0,88.0,0.0,0.0,0.0,0.0
Samuel Mark Byram,360,0.0,0.0,0.0,0.0,140.0,35.0,0.0,0.0,0.0,0.0
Wilfredo Daniel Caballero,360,0.0,0.0,0.0,0.0,91.0,68.0,0.0,0.0,0.0,0.0
Daniel Amartey,358,0.0,0.40846357,0.0,0.0,74.0,15.0,0.0,0.10268637234636871,0.0,0.0
Jordi Gómez García-Penche,355,0.0,0.022011260999999997,0.0,0.0,173.0,30.0,0.0,0.005580319690140844,0.0,0.0
Bradley Shaun Smith,346,0.0,0.026966754,0.0,0.0,170.0,23.0,0.0,0.007014473583815029,0.0,0.0
Libor Kozák,340,0.0,0.674867537,0.0,0.0,73.0,2.0,0.0,0.17864140685294116,0.0,0.0
Matthew Pennington,306,0.0,0.12124941,0.0,0.0,172.0,25.0,0.0,0.03566159117647059,0.0,0.0
Jordan Lyden,302,0.0,0.07523298,0.0,0.0,72.0,12.0,0.0,0.02242042450331126,0.0,0.0
Henri Saivet,300,0.0,0.0,0.0,0.0,78.0,14.0,0.0,0.0,0.0,0.0
Modibo Maïga,284,1.0,0.448480331,0.0,0.0,12.0,0.0,0.31690140845070425,0.14212404855633803,0.0,0.0
Tokelo Anthony Rantie,282,0.0,0.11557082,0.0,0.0,11.0,0.0,0.0,0.03688430425531915,0.0,0.0
Alex Pritchard,282,0.0,0.093362677,0.0,0.0,32.0,1.0,0.0,0.029796599042553194,0.0,0.0
Alessandro Diamanti,280,0.0,0.02299939,0.0,0.0,55.0,16.0,0.0,0.007392661071428572,0.0,0.0
Gastón Exequiel Ramírez Pereyra,279,0.0,0.06234869,0.0,0.0,19.0,2.0,0.0,0.02011248064516129,0.0,0.0
Cameron Brannagan,276,0.0,0.08262946,0.0,0.0,126.0,24.0,0.0,0.026944389130434784,0.0,0.0
Seydou Doumbia,274,0.0,0.14665069,0.0,0.0,8.0,0.0,0.0,0.04816993467153285,0.0,0.0
Shaun MacDonald,273,0.0,0.0,0.0,0.0,19.0,2.0,0.0,0.0,0.0,0.0
Adrian Mariappa,256,0.0,0.0,0.0,0.0,131.0,24.0,0.0,0.0,0.0,0.0
Jack Wilshere,254,0.0,0.3143006,0.0,0.0,77.0,5.0,0.0,0.11136635433070867,0.0,0.0
Connor Steven Randall,254,0.0,0.12659223,0.0,0.0,104.0,12.0,0.0,0.044855514566929135,0.0,0.0
Kevin Mbabu,243,0.0,0.036821686,0.0,0.0,56.0,16.0,0.0,0.013637661481481482,0.0,0.0
Shay Given,236,0.0,0.0,0.0,0.0,67.0,54.0,0.0,0.0,0.0,0.0
Emmanuel Rivière,232,0.0,0.249199327,0.0,0.0,20.0,0.0,0.0,0.09667215271551724,0.0,0.0
Miguel Arturo Layún Prado,203,1.0,0.246095348,0.0,0.0,60.0,5.0,0.4433497536945813,0.10910631192118227,0.0,0.0
Juan Manuel Iturbe Arévalo,188,0.0,0.035855655,0.0,0.0,27.0,1.0,0.0,0.017164941223404256,0.0,0.0
Jay Fulton,186,0.0,0.0,0.0,0.0,9.0,0.0,0.0,0.0,0.0,0.0
Andrej Kramarić,186,0.0,0.36157164,1.0,0.0,15.0,0.0,0.0,0.17495401935483873,0.4838709677419355,0.0
Gary Hooper,186,0.0,0.13312706,0.0,0.0,4.0,0.0,0.0,0.06441631935483871,0.0,0.0
Andre Green,185,0.0,0.052052636,0.0,0.0,32.0,8.0,0.0,0.025322904,0.0,0.0
Jordan Pickford,184,0.0,0.0,0.0,0.0,78.0,73.0,0.0,0.0,0.0,0.0
Tammy Bakumo-Abraham,183,0.0,0.171009287,0.0,0.0,14.0,1.0,0.0,0.08410292803278689,0.0,0.0
Danny Ward,183,0.0,0.0,0.0,0.0,58.0,35.0,0.0,0.0,0.0,0.0
Paulo Dino Gazzaniga,183,0.0,0.0,0.0,0.0,64.0,51.0,0.0,0.0,0.0,0.0
Tom Davies,182,0.0,0.042697757,0.0,0.0,49.0,6.0,0.0,0.021114275439560442,0.0,0.0
Ivan Toney,182,0.0,0.0,0.0,0.0,2.0,0.0,0.0,0.0,0.0,0.0
"Charles N""Zogbia",182,0.0,0.0,0.0,0.0,12.0,0.0,0.0,0.0,0.0,0.0
Mamadou Obbi Oularé,178,0.0,0.0,0.0,0.0,3.0,0.0,0.0,0.0,0.0,0.0
Julián Speroni,177,0.0,0.0,0.0,0.0,68.0,51.0,0.0,0.0,0.0,0.0
Ádám Bogdán,175,0.0,0.0,0.0,0.0,49.0,34.0,0.0,0.0,0.0,0.0
Kieran O''Neill Dowell,162,0.0,0.0,0.0,0.0,35.0,7.0,0.0,0.0,0.0,0.0
Alexandre Rodrigues da Silva,152,1.0,1.90763709,0.0,0.0,26.0,1.0,0.5921052631578947,1.1295219611842104,0.0,0.0
Marvin Emnes,147,0.0,0.014250298,0.0,0.0,15.0,0.0,0.0,0.008724672244897959,0.0,0.0
Mathieu Debuchy,143,0.0,0.029352702,0.0,0.0,101.0,16.0,0.0,0.018473728531468534,0.0,0.0
Matt Miazga,138,0.0,0.0,0.0,0.0,88.0,20.0,0.0,0.0,0.0,0.0
Kevin Nolan,136,0.0,0.0,0.0,0.0,14.0,1.0,0.0,0.0,0.0,0.0
Josh Cullen,97,0.0,0.0,0.0,0.0,0.0,0.0,0.0,0.0,0.0,0.0
Joe Dodoo,97,0.0,0.0,0.0,0.0,6.0,1.0,0.0,0.0,0.0,0.0
Rushian Hepburn-Murphy,95,0.0,0.0,0.0,0.0,0.0,0.0,0.0,0.0,0.0,0.0
Kyle Lafferty,95,0.0,0.0,0.0,0.0,7.0,0.0,0.0,0.0,0.0,0.0
Adam Matthews,94,0.0,0.0,0.0,0.0,19.0,10.0,0.0,0.0,0.0,0.0
Will Keane,94,0.0,0.0,0.0,0.0,0.0,0.0,0.0,0.0,0.0,0.0
Serge Gnabry,94,0.0,0.0579582006,0.0,0.0,7.0,1.0,0.0,0.05549189419148936,0.0,0.0
Bersant Celina,94,0.0,0.0,1.0,0.0,15.0,2.0,0.0,0.0,0.9574468085106382,0.0
Fernando Luiz Roza,94,0.0,0.039118945,0.0,0.0,82.0,11.0,0.0,0.03745430904255319,0.0,0.0
Ryan Allsop,94,0.0,0.0,0.0,0.0,10.0,4.0,0.0,0.0,0.0,0.0
Michel Vorm,94,0.0,0.0,0.0,0.0,49.0,15.0,0.0,0.0,0.0,0.0
Yann Gérard M'Vila,94,0.0,0.042509755999999996,0.0,0.0,45.0,14.0,0.0,0.04070083021276595,0.0,0.0
Jake-Liam Clarke-Salter,93,0.0,0.0,0.0,0.0,6.0,0.0,0.0,0.0,0.0,0.0
Patrick Roberts,93,0.0,0.0,0.0,0.0,4.0,0.0,0.0,0.0,0.0,0.0
Matt Grimes,93,0.0,0.04053711,0.0,0.0,46.0,7.0,0.0,0.03922946129032258,0.0,0.0
Kelvin Davis,93,0.0,0.0,0.0,0.0,29.0,19.0,0.0,0.0,0.0,0.0
Cristian Gamboa Luna,93,0.0,0.029631916,0.0,0.0,13.0,0.0,0.0,0.028676047741935485,0.0,0.0
Callum Connolly,93,0.0,0.0,0.0,0.0,13.0,1.0,0.0,0.0,0.0,0.0
Sébastien Pocognoli,93,0.0,0.0,1.0,0.0,30.0,10.0,0.0,0.0,0.967741935483871,0.0
José Ángel Crespo Rincón,93,0.0,0.0,0.0,0.0,30.0,7.0,0.0,0.0,0.0,0.0
Nick Powell,93,0.0,0.0,0.0,0.0,2.0,0.0,0.0,0.0,0.0,0.0
George Honeyman,93,0.0,0.0,0.0,0.0,6.0,0.0,0.0,0.0,0.0,0.0
Jordan Rossiter,92,0.0,0.0,0.0,0.0,6.0,0.0,0.0,0.0,0.0,0.0
Javier Hernández Balcázar,92,0.0,0.5094782,0.0,0.0,13.0,0.0,0.0,0.49840258695652173,0.0,0.0
John O'Shea,92,0.0,0.0,0.0,0.0,17.0,3.0,0.0,0.0,0.0,0.0
João Carlos Vilaça Teixeira,92,0.0,0.0,0.0,0.0,3.0,0.0,0.0,0.0,0.0,0.0
Manuel García Alonso,92,0.0,0.0,0.0,0.0,19.0,4.0,0.0,0.0,0.0,0.0
Harrison Reed,92,0.0,0.0,0.0,0.0,7.0,1.0,0.0,0.0,0.0,0.0
Kristoffer Nordfeldt,92,0.0,0.0,0.0,0.0,29.0,21.0,0.0,0.0,0.0,0.0
Dionatan do Nascimento Teixeira,92,0.0,0.0,0.0,0.0,7.0,4.0,0.0,0.0,0.0,0.0
Donald Love,92,0.0,0.0,0.0,0.0,35.0,5.0,0.0,0.0,0.0,0.0
Jonathan Williams,92,0.0,0.0,0.0,0.0,5.0,0.0,0.0,0.0,0.0,0.0
Steve Sidwell,92,0.0,0.0,0.0,0.0,7.0,1.0,0.0,0.0,0.0,0.0
N'Golo Kanté,92,0.0,0.060528930999999994,0.0,0.0,41.0,5.0,0.0,0.059213084673913036,0.0,0.0
Thomas Robson,91,0.0,0.0,0.0,0.0,56.0,11.0,0.0,0.0,0.0,0.0
James Wilson,91,0.0,0.0,0.0,0.0,6.0,1.0,0.0,0.0,0.0,0.0
Sullay Kaikai,91,0.0,0.158311264,0.0,0.0,20.0,6.0,0.0,0.1565715797802198,0.0,0.0
Sam Field,91,0.0,0.0,0.0,0.0,2.0,0.0,0.0,0.0,0.0,0.0
Tyler Roberts,90,0.0,0.6280385,0.0,0.0,8.0,0.0,0.0,0.6280385,0.0,0.0
Sergi Canós Tenes,90,0.0,0.0,0.0,0.0,4.0,0.0,0.0,0.0,0.0,0.0
Jamie Sterry,90,0.0,0.0,0.0,0.0,0.0,0.0,0.0,0.0,0.0,0.0
Juan Guillermo Cuadrado Bello,90,0.0,0.042315856,0.0,0.0,11.0,1.0,0.0,0.042315856,0.0,0.0
Jonjoe Kenny,90,0.0,0.063103065,0.0,0.0,32.0,4.0,0.0,0.063103065,0.0,0.0
Hiram Boateng,90,0.0,0.03874645,0.0,0.0,5.0,1.0,0.0,0.03874645,0.0,0.0
Eunan O'Kane,89,0.0,0.039687205,0.0,0.0,14.0,2.0,0.0,0.0401331286516854,0.0,0.0
Giedrius Arlauskis,88,0.0,0.0,0.0,0.0,6.0,5.0,0.0,0.0,0.0,0.0
Tony Hibbert,88,0.0,0.060018376,0.0,0.0,19.0,3.0,0.0,0.06138243,0.0,0.0
Fikayo Tomori,87,0.0,0.0,0.0,0.0,14.0,4.0,0.0,0.0,0.0,0.0
Tyrone Mings,56,0.0,0.0,0.0,0.0,2.0,0.0,0.0,0.0,0.0,0.0
Rees Greenwood,51,0.0,0.0,0.0,0.0,20.0,2.0,0.0,0.0,0.0,0.0
Pedro Chirivella Burgos,45,0.0,0.0,0.0,0.0,31.0,5.0,0.0,0.0,0.0,0.0
